Date,Confirmed Cases,Date,Confirmed Deaths,Date,Prob and Suspected Cases,Date,Prob and Suspected Deaths,Date,Probable Cases,Date,Probable Deaths,Date,Suspected Cases
2015-03-10,2871.0,2015-03-10,1778.0,2015-03-10,3285.0,2015-03-10,2170.0,2015-03-10,392.0,2015-03-10,392.0,2015-03-10,22.0
2015-03-06,2840.0,2015-03-06,1755.0,2015-03-06,3248.0,2015-03-06,2147.0,2015-03-06,392.0,2015-03-06,392.0,2015-03-06,16.0
2015-03-05,2833.0,2015-03-05,1749.0,2015-03-05,3237.0,2015-03-05,2141.0,2015-03-05,392.0,2015-03-05,392.0,2015-03-05,12.0
2015-03-04,2808.0,2015-03-04,1735.0,2015-03-04,3205.0,2015-03-04,2127.0,2015-03-04,392.0,2015-03-04,392.0,2015-03-04,5.0
2015-03-02,2808.0,2015-03-02,1735.0,2015-03-02,3205.0,2015-03-02,2127.0,2015-03-02,392.0,2015-03-02,392.0,2015-03-02,5.0
2015-02-27,2790.0,2015-02-27,1721.0,2015-02-27,3190.0,2015-02-27,2113.0,2015-02-27,392.0,2015-02-27,392.0,2015-02-27,8.0
2015-02-26,2781.0,2015-02-26,1714.0,2015-02-26,3175.0,2015-02-26,2101.0,2015-02-26,387.0,2015-02-26,387.0,2015-02-26,7.0
2015-02-25,2762.0,2015-02-25,1704.0,2015-02-25,3155.0,2015-02-25,2091.0,2015-02-25,387.0,2015-02-25,387.0,2015-02-25,6.0
2015-02-23,2758.0,2015-02-23,1699.0,2015-02-23,3155.0,2015-02-23,2086.0,2015-02-23,387.0,2015-02-23,387.0,2015-02-23,10.0
2015-02-20,2734.0,2015-02-20,1688.0,2015-02-20,3120.0,2015-02-20,2072.0,2015-02-20,384.0,2015-02-20,384.0,2015-02-20,2.0
2015-02-19,2732.0,2015-02-19,1686.0,2015-02-19,3115.0,2015-02-19,2067.0,2015-02-19,381.0,2015-02-19,381.0,2015-02-19,2.0
2015-02-18,2727.0,2015-02-18,1683.0,2015-02-18,3108.0,2015-02-18,2057.0,2015-02-18,374.0,2015-02-18,374.0,2015-02-18,7.0
2015-02-17,2727.0,2015-02-17,1683.0,2015-02-17,3108.0,2015-02-17,2057.0,2015-02-17,374.0,2015-02-17,374.0,2015-02-17,7.0
2015-02-16,2720.0,2015-02-16,1678.0,2015-02-16,3101.0,2015-02-16,2052.0,2015-02-16,374.0,2015-02-16,374.0,2015-02-16,7.0
2015-02-13,2693.0,2015-02-13,1659.0,2015-02-13,3081.0,2015-02-13,2032.0,2015-02-13,373.0,2015-02-13,373.0,2015-02-13,15.0
2015-02-12,2685.0,2015-02-12,1651.0,2015-02-12,3068.0,2015-02-12,2018.0,2015-02-12,367.0,2015-02-12,367.0,2015-02-12,16.0
2015-02-11,2674.0,2015-02-11,1643.0,2015-02-11,3044.0,2015-02-11,1995.0,2015-02-11,352.0,2015-02-11,352.0,2015-02-11,18.0
2015-02-10,2674.0,2015-02-10,1643.0,2015-02-10,3044.0,2015-02-10,1995.0,2015-02-10,352.0,2015-02-10,352.0,2015-02-10,18.0
2015-02-06,2628.0,2015-02-06,1608.0,2015-02-06,2988.0,2015-02-06,1957.0,2015-02-06,349.0,2015-02-06,349.0,2015-02-06,11.0
2015-02-05,2621.0,2015-02-05,1600.0,2015-02-05,2986.0,2015-02-05,1947.0,2015-02-05,347.0,2015-02-05,347.0,2015-02-05,18.0
2015-02-04,2608.0,2015-02-04,1597.0,2015-02-04,2975.0,2015-02-04,1944.0,2015-02-04,347.0,2015-02-04,347.0,2015-02-04,20.0
2015-02-03,2608.0,2015-02-03,1597.0,2015-02-03,2975.0,2015-02-03,1944.0,2015-02-03,347.0,2015-02-03,347.0,2015-02-03,20.0
2015-02-02,2593.0,2015-02-02,1595.0,2015-02-02,2959.0,2015-02-02,1937.0,2015-02-02,342.0,2015-02-02,342.0,2015-02-02,24.0
2015-01-30,2575.0,2015-01-30,1581.0,2015-01-30,2920.0,2015-01-30,1913.0,2015-01-30,332.0,2015-01-30,332.0,2015-01-30,13.0
2015-01-29,2571.0,2015-01-29,1579.0,2015-01-29,2921.0,2015-01-29,1911.0,2015-01-29,332.0,2015-01-29,332.0,2015-01-29,18.0
2015-01-28,2569.0,2015-01-28,1578.0,2015-01-28,2917.0,2015-01-28,1910.0,2015-01-28,332.0,2015-01-28,332.0,2015-01-28,16.0
2015-01-27,2569.0,2015-01-27,1578.0,2015-01-27,2917.0,2015-01-27,1910.0,2015-01-27,332.0,2015-01-27,332.0,2015-01-27,16.0
2015-01-26,2559.0,2015-01-26,1574.0,2015-01-26,2909.0,2015-01-26,1906.0,2015-01-26,332.0,2015-01-26,332.0,2015-01-26,18.0
2015-01-23,2545.0,2015-01-23,1561.0,2015-01-23,2873.0,2015-01-23,1880.0,2015-01-23,319.0,2015-01-23,319.0,2015-01-23,9.0
2015-01-22,2542.0,2015-01-22,1560.0,2015-01-22,2873.0,2015-01-22,1879.0,2015-01-22,319.0,2015-01-22,319.0,2015-01-22,12.0
2015-01-21,2539.0,2015-01-21,1557.0,2015-01-21,2871.0,2015-01-21,1876.0,2015-01-21,319.0,2015-01-21,319.0,2015-01-21,13.0
2015-01-20,2539.0,2015-01-20,1557.0,2015-01-20,2871.0,2015-01-20,1876.0,2015-01-20,319.0,2015-01-20,319.0,2015-01-20,13.0
2015-01-19,2539.0,2015-01-19,1556.0,2015-01-19,2873.0,2015-01-19,1875.0,2015-01-19,319.0,2015-01-19,319.0,2015-01-19,15.0
2015-01-16,2525.0,2015-01-16,1541.0,2015-01-16,2825.0,2015-01-16,1829.0,2015-01-16,288.0,2015-01-16,288.0,2015-01-16,12.0
2015-01-15,2522.0,2015-01-15,1537.0,2015-01-15,2817.0,2015-01-15,1821.0,2015-01-15,284.0,2015-01-15,284.0,2015-01-15,11.0
2015-01-14,2514.0,2015-01-14,1530.0,2015-01-14,2806.0,2015-01-14,1814.0,2015-01-14,284.0,2015-01-14,284.0,2015-01-14,8.0
2015-01-13,2508.0,2015-01-13,1523.0,2015-01-13,2799.0,2015-01-13,1807.0,2015-01-13,284.0,2015-01-13,284.0,2015-01-13,7.0
2015-01-12,2508.0,2015-01-12,1523.0,2015-01-12,2799.0,2015-01-12,1807.0,2015-01-12,284.0,2015-01-12,284.0,2015-01-12,7.0
2015-01-09,2493.0,2015-01-09,1515.0,2015-01-09,2793.0,2015-01-09,1797.0,2015-01-09,282.0,2015-01-09,282.0,2015-01-09,18.0
2015-01-08,2477.0,2015-01-08,1504.0,2015-01-08,2776.0,2015-01-08,1786.0,2015-01-08,282.0,2015-01-08,282.0,2015-01-08,17.0
2015-01-07,2471.0,2015-01-07,1499.0,2015-01-07,2775.0,2015-01-07,1781.0,2015-01-07,282.0,2015-01-07,282.0,2015-01-07,22.0
2015-01-06,2471.0,2015-01-06,1499.0,2015-01-06,2775.0,2015-01-06,1781.0,2015-01-06,282.0,2015-01-06,282.0,2015-01-06,22.0
2015-01-05,2465.0,2015-01-05,1488.0,2015-01-05,2769.0,2015-01-05,1767.0,2015-01-05,280.0,2015-01-05,280.0,2015-01-05,26.0
2015-01-02,2435.0,2015-01-02,1463.0,2015-01-02,2730.0,2015-01-02,1739.0,2015-01-02,276.0,2015-01-02,276.0,2015-01-02,19.0
2014-12-31,2397.0,2014-12-31,1433.0,2014-12-31,2707.0,2014-12-31,1709.0,2014-12-31,276.0,2014-12-31,276.0,2014-12-31,34.0
2014-12-30,2397.0,2014-12-30,1433.0,2014-12-30,2706.0,2014-12-30,1708.0,2014-12-30,275.0,2014-12-30,275.0,2014-12-30,34.0
2014-12-29,2384.0,2014-12-29,1422.0,2014-12-29,2695.0,2014-12-29,1697.0,2014-12-29,275.0,2014-12-29,275.0,2014-12-29,36.0
2014-12-26,2342.0,2014-12-26,1385.0,2014-12-26,2630.0,2014-12-26,1654.0,2014-12-26,269.0,2014-12-26,269.0,2014-12-26,19.0
2014-12-24,2284.0,2014-12-24,1344.0,2014-12-24,2597.0,2014-12-24,1607.0,2014-12-24,263.0,2014-12-24,263.0,2014-12-24,50.0
2014-12-23,2284.0,2014-12-23,1344.0,2014-12-23,2597.0,2014-12-23,1607.0,2014-12-23,263.0,2014-12-23,263.0,2014-12-23,50.0
2014-12-22,2259.0,2014-12-22,1323.0,2014-12-22,2571.0,2014-12-22,1586.0,2014-12-22,263.0,2014-12-22,263.0,2014-12-22,49.0
2014-12-17,2127.0,2014-12-17,1262.0,2014-12-17,2416.0,2014-12-17,1525.0,2014-12-17,263.0,2014-12-17,263.0,2014-12-17,26.0
2014-12-15,2115.0,2014-12-15,1255.0,2014-12-15,2394.0,2014-12-15,1518.0,2014-12-15,263.0,2014-12-15,263.0,2014-12-15,16.0
2014-12-10,2051.0,2014-12-10,1207.0,2014-12-10,2292.0,2014-12-10,1428.0,2014-12-10,221.0,2014-12-10,221.0,2014-12-10,20.0
2014-12-03,1929.0,2014-12-03,1117.0,2014-12-03,2164.0,2014-12-03,1327.0,2014-12-03,210.0,2014-12-03,210.0,2014-12-03,25.0
2014-12-01,1921.0,2014-12-01,1102.0,2014-12-01,2155.0,2014-12-01,1312.0,2014-12-01,210.0,2014-12-01,210.0,2014-12-01,24.0
2014-11-26,1850.0,2014-11-26,1050.0,2014-11-26,2134.0,2014-11-26,1260.0,2014-11-26,210.0,2014-11-26,210.0,2014-11-26,74.0
2014-11-21,1745.0,2014-11-21,998.0,2014-11-21,2047.0,2014-11-21,1214.0,2014-11-21,216.0,2014-11-21,216.0,2014-11-21,86.0
2014-11-19,1698.0,2014-11-19,982.0,2014-11-19,1971.0,2014-11-19,1192.0,2014-11-19,210.0,2014-11-19,210.0,2014-11-19,63.0
2014-11-14,1647.0,2014-11-14,958.0,2014-11-14,1919.0,2014-11-14,1166.0,2014-11-14,208.0,2014-11-14,208.0,2014-11-14,64.0
2014-11-12,1612.0,2014-11-12,934.0,2014-11-12,1878.0,2014-11-12,1142.0,2014-11-12,208.0,2014-11-12,208.0,2014-11-12,58.0
2014-11-07,1479.0,2014-11-07,850.0,2014-11-07,1760.0,2014-11-07,1054.0,2014-11-07,204.0,2014-11-07,204.0,2014-11-07,77.0
2014-11-05,1457.0,2014-11-05,837.0,2014-11-05,1731.0,2014-11-05,1041.0,2014-11-05,204.0,2014-11-05,204.0,2014-11-05,70.0
2014-10-25,1312.0,2014-10-25,732.0,2014-10-25,1553.0,2014-10-25,926.0,2014-10-25,194.0,2014-10-25,194.0,2014-10-25,47.0
2014-10-22,1289.0,2014-10-22,710.0,2014-10-22,1540.0,2014-10-22,904.0,2014-10-22,193.0,2014-10-22,193.0,2014-10-22,58.0
2014-10-17,1217.0,2014-10-17,671.0,2014-10-17,1519.0,2014-10-17,862.0,2014-10-17,191.0,2014-10-17,191.0,2014-10-17,111.0
2014-10-15,1184.0,2014-10-15,653.0,2014-10-15,1472.0,2014-10-15,843.0,2014-10-15,190.0,2014-10-15,190.0,2014-10-15,98.0
2014-10-10,1097.0,2014-10-10,598.0,2014-10-10,1350.0,2014-10-10,778.0,2014-10-10,180.0,2014-10-10,180.0,2014-10-10,73.0
2014-10-08,1044.0,2014-10-08,587.0,2014-10-08,1298.0,2014-10-08,768.0,2014-10-08,180.0,2014-10-08,179.0,2014-10-08,74.0
2014-10-03,977.0,2014-10-03,562.0,2014-10-03,1199.0,2014-10-03,739.0,2014-10-03,177.0,2014-10-03,177.0,2014-10-03,45.0
2014-10-01,950.0,2014-10-01,535.0,2014-10-01,1157.0,2014-10-01,710.0,2014-10-01,170.0,2014-10-01,170.0,2014-10-01,37.0
2014-09-26,876.0,2014-09-26,481.0,2014-09-26,1074.0,2014-09-26,648.0,2014-09-26,162.0,2014-09-26,162.0,2014-09-26,36.0
2014-09-24,832.0,2014-09-24,468.0,2014-09-24,1022.0,2014-09-24,635.0,2014-09-24,162.0,2014-09-24,162.0,2014-09-24,28.0
2014-09-22,818.0,2014-09-22,465.0,2014-09-22,1008.0,2014-09-22,632.0,2014-09-22,162.0,2014-09-22,162.0,2014-09-22,28.0
2014-09-18,750.0,2014-09-18,435.0,2014-09-18,942.0,2014-09-18,601.0,2014-09-18,162.0,2014-09-18,161.0,2014-09-18,30.0
2014-09-16,743.0,2014-09-16,429.0,2014-09-16,936.0,2014-09-16,595.0,2014-09-16,162.0,2014-09-16,162.0,2014-09-16,31.0
2014-09-12,678.0,2014-09-12,403.0,2014-09-12,861.0,2014-09-12,557.0,2014-09-12,151.0,2014-09-12,150.0,2014-09-12,32.0
2014-09-08,664.0,2014-09-08,400.0,2014-09-08,862.0,2014-09-08,555.0,2014-09-08,151.0,2014-09-08,151.0,2014-09-08,47.0
2014-09-05,604.0,2014-09-05,362.0,2014-09-05,812.0,2014-09-05,517.0,2014-09-05,152.0,2014-09-05,152.0,2014-09-05,56.0
2014-08-29,482.0,2014-08-29,287.0,2014-08-29,648.0,2014-08-29,430.0,2014-08-29,141.0,2014-08-29,141.0,2014-08-29,25.0
2015-03-11,2871.0,2015-03-11,1778.0,2015-03-11,3285.0,2015-03-11,2170.0,2015-03-11,392.0,2015-03-11,392.0,2015-03-11,22.0
2015-03-12,2901.0,2015-03-12,1792.0,2015-03-12,3330.0,2015-03-12,2187.0,2015-03-12,395.0,2015-03-12,395.0,2015-03-12,34.0
2015-03-13,2911.0,2015-03-13,1797.0,2015-03-13,3331.0,2015-03-13,2192.0,2015-03-13,395.0,2015-03-13,395.0,2015-03-13,25.0
2015-03-16,2957.0,2015-03-16,1821.0,2015-03-16,3373.0,2015-03-16,2216.0,2015-03-16,395.0,2015-03-16,395.0,2015-03-16,21.0
2015-03-17,2966.0,2015-03-17,1829.0,2015-03-17,3389.0,2015-03-17,2224.0,2015-03-17,395.0,2015-03-17,395.0,2015-03-17,28.0
2015-03-18,2966.0,2015-03-18,1829.0,2015-03-18,3389.0,2015-03-18,2224.0,2015-03-18,395.0,2015-03-18,395.0,2015-03-18,28.0
2015-03-20,2988.0,2015-03-20,1846.0,2015-03-20,3404.0,2015-03-20,2241.0,2015-03-20,395.0,2015-03-20,395.0,2015-03-20,21.0
2015-03-23,3007.0,2015-03-23,1863.0,2015-03-23,3420.0,2015-03-23,2261.0,2015-03-23,398.0,2015-03-23,398.0,2015-03-23,15.0
2015-03-24,3011.0,2015-03-24,1865.0,2015-03-24,3429.0,2015-03-24,2263.0,2015-03-24,398.0,2015-03-24,398.0,2015-03-24,20.0
2015-03-25,3011.0,2015-03-25,1865.0,2015-03-25,3429.0,2015-03-25,2263.0,2015-03-25,398.0,2015-03-25,398.0,2015-03-25,20.0
2015-03-26,3032.0,2015-03-26,1875.0,2015-03-26,3459.0,2015-03-26,2273.0,2015-03-26,398.0,2015-03-26,398.0,2015-03-26,29.0
2015-03-27,3042.0,2015-03-27,1878.0,2015-03-27,3466.0,2015-03-27,2276.0,2015-03-27,398.0,2015-03-27,398.0,2015-03-27,26.0
2015-04-07,3089.0,2015-04-07,1919.0,2015-04-07,3515.0,2015-04-07,2333.0,2015-04-07,414.0,2015-04-07,414.0,2015-04-07,12.0
2015-04-09,3093.0,2015-04-09,1921.0,2015-04-09,3515.0,2015-04-09,2335.0,2015-04-09,414.0,2015-04-09,414.0,2015-04-09,8.0
2015-04-13,3112.0,2015-04-13,1928.0,2015-04-13,3541.0,2015-04-13,2342.0,2015-04-13,414.0,2015-04-13,414.0,2015-04-13,15.0
2015-04-14,3117.0,2015-04-14,1932.0,2015-04-14,3548.0,2015-04-14,2346.0,2015-04-14,414.0,2015-04-14,414.0,2015-04-14,17.0
2015-04-15,3117.0,2015-04-15,1932.0,2015-04-15,3548.0,2015-04-15,2346.0,2015-04-15,414.0,2015-04-15,414.0,2015-04-15,17.0
2015-04-16,3124.0,2015-04-16,1934.0,2015-04-16,3566.0,2015-04-16,2348.0,2015-04-16,414.0,2015-04-16,414.0,2015-04-16,28.0
2015-04-17,3126.0,2015-04-17,1937.0,2015-04-17,3569.0,2015-04-17,2351.0,2015-04-17,414.0,2015-04-17,414.0,2015-04-17,29.0
2015-04-20,3133.0,2015-04-20,1942.0,2015-04-20,3565.0,2015-04-20,2357.0,2015-04-20,415.0,2015-04-20,415.0,2015-04-20,17.0
2015-04-21,3136.0,2015-04-21,1943.0,2015-04-21,3565.0,2015-04-21,2358.0,2015-04-21,415.0,2015-04-21,415.0,2015-04-21,14.0
2015-04-22,3136.0,2015-04-22,1943.0,2015-04-22,3565.0,2015-04-22,2358.0,2015-04-22,415.0,2015-04-22,415.0,2015-04-22,14.0
2015-04-23,3144.0,2015-04-23,1947.0,2015-04-23,3568.0,2015-04-23,2362.0,2015-04-23,415.0,2015-04-23,415.0,2015-04-23,9.0
2015-04-24,3145.0,2015-04-24,1950.0,2015-04-24,3576.0,2015-04-24,2365.0,2015-04-24,415.0,2015-04-24,415.0,2015-04-24,16.0
2015-04-27,3154.0,2015-04-27,1959.0,2015-04-27,3585.0,2015-04-27,2374.0,2015-04-27,415.0,2015-04-27,415.0,2015-04-27,16.0
2015-04-28,3158.0,2015-04-28,1962.0,2015-04-28,3584.0,2015-04-28,2377.0,2015-04-28,415.0,2015-04-28,415.0,2015-04-28,11.0
2015-04-30,3159.0,2015-04-30,1966.0,2015-04-30,3581.0,2015-04-30,2381.0,2015-04-30,415.0,2015-04-30,415.0,2015-04-30,7.0
2015-05-01,3161.0,2015-05-01,1968.0,2015-05-01,3578.0,2015-05-01,2383.0,2015-05-01,415.0,2015-05-01,415.0,2015-05-01,2.0
2015-05-04,3163.0,2015-05-04,1970.0,2015-05-04,3591.0,2015-05-04,2385.0,2015-05-04,415.0,2015-05-04,415.0,2015-05-04,13.0
2015-05-05,3167.0,2015-05-05,1971.0,2015-05-05,3589.0,2015-05-05,2386.0,2015-05-05,415.0,2015-05-05,415.0,2015-05-05,7.0
2015-05-06,3167.0,2015-05-06,1971.0,2015-05-06,3589.0,2015-05-06,2386.0,2015-05-06,415.0,2015-05-06,415.0,2015-05-06,7.0
2015-05-07,3170.0,2015-05-07,1972.0,2015-05-07,3592.0,2015-05-07,2387.0,2015-05-07,415.0,2015-05-07,415.0,2015-05-07,7.0
2015-05-08,3170.0,2015-05-08,1972.0,2015-05-08,3592.0,2015-05-08,2387.0,2015-05-08,415.0,2015-05-08,415.0,2015-05-08,7.0
2015-05-11,3173.0,2015-05-11,1976.0,2015-05-11,3599.0,2015-05-11,2391.0,2015-05-11,415.0,2015-05-11,415.0,2015-05-11,11.0
2015-05-12,3174.0,2015-05-12,1977.0,2015-05-12,3597.0,2015-05-12,2392.0,2015-05-12,415.0,2015-05-12,415.0,2015-05-12,8.0
2015-05-13,3173.0,2015-05-13,1976.0,2015-05-13,3599.0,2015-05-13,2391.0,2015-05-13,415.0,2015-05-13,415.0,2015-05-13,11.0
2015-05-15,3189.0,2015-05-15,1982.0,2015-05-15,3619.0,2015-05-15,2401.0,2015-05-15,419.0,2015-05-15,419.0,2015-05-15,11.0
2015-05-14,3187.0,2015-05-14,1980.0,2015-05-14,3615.0,2015-05-14,2399.0,2015-05-14,419.0,2015-05-14,419.0,2015-05-14,9.0
2015-05-19,3201.0,2015-05-19,1988.0,2015-05-19,3635.0,2015-05-19,2407.0,2015-05-19,419.0,2015-05-19,419.0,2015-05-19,15.0
2015-05-18,3195.0,2015-05-18,1986.0,2015-05-18,3626.0,2015-05-18,2405.0,2015-05-18,419.0,2015-05-18,419.0,2015-05-18,12.0
2015-05-20,3201.0,2015-05-20,1988.0,2015-05-20,3635.0,2015-05-20,2407.0,2015-05-20,415.0,2015-05-20,419.0,2015-05-20,15.0
2015-05-21,3204.0,2015-05-21,1990.0,2015-05-21,3649.0,2015-05-21,2409.0,2015-05-21,419.0,2015-05-21,419.0,2015-05-21,26.0
2015-05-22,3205.0,2015-05-22,1993.0,2015-05-22,3647.0,2015-05-22,2412.0,2015-05-22,419.0,2015-05-22,419.0,2015-05-22,23.0
2015-05-26,3210.0,2015-05-26,2001.0,2015-05-26,3641.0,2015-05-26,2420.0,2015-05-26,419.0,2015-05-26,419.0,2015-05-26,12.0
2015-05-25,3208.0,2015-05-25,1999.0,2015-05-25,3640.0,2015-05-25,2418.0,2015-05-25,419.0,2015-05-25,419.0,2015-05-25,13.0
2015-05-27,3210.0,2015-05-27,2001.0,2015-05-27,3641.0,2015-05-27,2420.0,2015-05-27,419.0,2015-05-27,419.0,2015-05-27,12.0
2015-05-28,3214.0,2015-05-28,2004.0,2015-05-28,3639.0,2015-05-28,2423.0,2015-05-28,419.0,2015-05-28,419.0,2015-05-28,6.0
2015-05-29,3216.0,2015-05-29,2006.0,2015-05-29,3644.0,2015-05-29,2425.0,2015-05-29,419.0,2015-05-29,419.0,2015-05-29,9.0
2015-06-01,3220.0,2015-06-01,2009.0,2015-06-01,3653.0,2015-06-01,2428.0,2015-06-01,419.0,2015-06-01,419.0,2015-06-01,14.0
2015-06-02,3223.0,2015-06-02,2010.0,2015-06-02,3652.0,2015-06-02,2429.0,2015-06-02,419.0,2015-06-02,419.0,2015-06-02,10.0
2015-06-03,3223.0,2015-06-03,2010.0,2015-06-03,3652.0,2015-06-03,2429.0,2015-06-03,419.0,2015-06-03,419.0,2015-06-03,10.0
2015-06-04,3227.0,2015-06-04,2012.0,2015-06-04,3657.0,2015-06-04,2431.0,2015-06-04,419.0,2015-06-04,419.0,2015-06-04,11.0
2015-06-05,3228.0,2015-06-05,2012.0,2015-06-05,3664.0,2015-06-05,2431.0,2015-06-05,419.0,2015-06-05,419.0,2015-06-05,17.0
2015-06-08,3237.0,2015-06-08,2016.0,2015-06-08,3669.0,2015-06-08,2435.0,2015-06-08,419.0,2015-06-08,419.0,2015-06-08,13.0
2015-06-09,3239.0,2015-06-09,2018.0,2015-06-09,3670.0,2015-06-09,2437.0,2015-06-09,419.0,2015-06-09,419.0,2015-06-09,12.0
2015-06-10,3239.0,2015-06-10,2018.0,2015-06-10,3670.0,2015-06-10,2437.0,2015-06-10,419.0,2015-06-10,419.0,2015-06-10,12.0
2015-06-11,3243.0,2015-06-11,2021.0,2015-06-11,3674.0,2015-06-11,2440.0,2015-06-11,419.0,2015-06-11,419.0,2015-06-11,12.0
2015-06-12,3243.0,2015-06-12,2021.0,2015-06-12,3677.0,2015-06-12,2440.0,2015-06-12,419.0,2015-06-12,419.0,2015-06-12,15.0
2015-06-15,3249.0,2015-06-15,2024.0,2015-06-15,3677.0,2015-06-15,2443.0,2015-06-15,419.0,2015-06-15,419.0,2015-06-15,9.0
2015-06-16,3249.0,2015-06-16,2025.0,2015-06-16,3678.0,2015-06-16,2444.0,2015-06-16,419.0,2015-06-16,419.0,2015-06-16,10.0
2015-06-17,3245.0,2015-06-17,2025.0,2015-06-17,3674.0,2015-06-17,2444.0,2015-06-17,419.0,2015-06-17,419.0,2015-06-17,10.0
2015-06-18,3246.0,2015-06-18,2026.0,2015-06-18,3675.0,2015-06-18,2445.0,2015-06-18,419.0,2015-06-18,419.0,2015-06-18,10.0
2015-06-19,3247.0,2015-06-19,2027.0,2015-06-19,3674.0,2015-06-19,2446.0,2015-06-19,419.0,2015-06-19,419.0,2015-06-19,8.0
2015-06-22,3254.0,2015-06-22,2028.0,2015-06-22,3698.0,2015-06-22,2456.0,2015-06-22,428.0,2015-06-22,428.0,2015-06-22,16.0
2015-06-23,3257.0,2015-06-23,2030.0,2015-06-23,3718.0,2015-06-23,2473.0,2015-06-23,443.0,2015-06-23,443.0,2015-06-23,18.0
2015-06-24,3257.0,2015-06-24,2030.0,2015-06-24,3718.0,2015-06-24,2473.0,2015-06-24,443.0,2015-06-24,443.0,2015-06-24,18.0
2015-06-25,3264.0,2015-06-25,2037.0,2015-06-25,3718.0,2015-06-25,2480.0,2015-06-25,443.0,2015-06-25,443.0,2015-06-25,11.0
2015-06-26,3266.0,2015-06-26,2037.0,2015-06-26,3720.0,2015-06-26,2480.0,2015-06-26,443.0,2015-06-26,443.0,2015-06-26,11.0
2015-06-29,3268.0,2015-06-29,2039.0,2015-06-29,3724.0,2015-06-29,2482.0,2015-06-29,443.0,2015-06-29,443.0,2015-06-29,13.0
2015-06-30,3269.0,2015-06-30,2039.0,2015-06-30,3729.0,2015-06-30,2482.0,2015-06-30,443.0,2015-06-30,443.0,2015-06-30,17.0
2015-07-01,3269.0,2015-07-01,2039.0,2015-07-01,3729.0,2015-07-01,2482.0,2015-07-01,443.0,2015-07-01,443.0,2015-07-01,17.0
2015-07-02,3277.0,2015-07-02,2040.0,2015-07-02,3745.0,2015-07-02,2490.0,2015-07-02,450.0,2015-07-02,450.0,2015-07-02,18.0
2015-07-03,3279.0,2015-07-03,2042.0,2015-07-03,3750.0,2015-07-03,2492.0,2015-07-03,450.0,2015-07-03,450.0,2015-07-03,21.0
2015-07-06,3287.0,2015-07-06,2048.0,2015-07-06,3744.0,2015-07-06,2498.0,2015-07-06,450.0,2015-07-06,450.0,2015-07-06,7.0
2015-07-07,3287.0,2015-07-07,2049.0,2015-07-07,3748.0,2015-07-07,2499.0,2015-07-07,450.0,2015-07-07,450.0,2015-07-07,11.0
2015-07-08,3287.0,2015-07-08,2049.0,2015-07-08,3748.0,2015-07-08,2499.0,2015-07-08,450.0,2015-07-08,450.0,2015-07-08,11.0
2015-07-09,3290.0,2015-07-09,2055.0,2015-07-09,3744.0,2015-07-09,2505.0,2015-07-09,450.0,2015-07-09,450.0,2015-07-09,4.0
2015-07-10,3293.0,2015-07-10,2055.0,2015-07-10,3751.0,2015-07-10,2505.0,2015-07-10,450.0,2015-07-10,450.0,2015-07-10,8.0
2015-07-13,3299.0,2015-07-13,2056.0,2015-07-13,3754.0,2015-07-13,2506.0,2015-07-13,450.0,2015-07-13,450.0,2015-07-13,5.0
2015-07-14,3300.0,2015-07-14,2056.0,2015-07-14,3760.0,2015-07-14,2506.0,2015-07-14,450.0,2015-07-14,450.0,2015-07-14,10.0
2015-07-15,3300.0,2015-07-15,2056.0,2015-07-15,3760.0,2015-07-15,2506.0,2015-07-15,450.0,2015-07-15,450.0,2015-07-15,10.0
2015-07-16,3304.0,2015-07-16,2056.0,2015-07-16,3762.0,2015-07-16,2506.0,2015-07-16,450.0,2015-07-16,450.0,2015-07-16,8.0
2015-07-17,3310.0,2015-07-17,2059.0,2015-07-17,3770.0,2015-07-17,2509.0,2015-07-17,450.0,2015-07-17,450.0,2015-07-17,10.0
2015-07-20,3322.0,2015-07-20,2061.0,2015-07-20,3784.0,2015-07-20,2511.0,2015-07-20,450.0,2015-07-20,450.0,2015-07-20,12.0
2015-07-21,3322.0,2015-07-21,2062.0,2015-07-21,3783.0,2015-07-21,2512.0,2015-07-21,450.0,2015-07-21,450.0,2015-07-21,11.0
2015-07-22,3322.0,2015-07-22,2062.0,2015-07-22,3783.0,2015-07-22,2512.0,2015-07-22,450.0,2015-07-22,450.0,2015-07-22,11.0
2015-07-23,3325.0,2015-07-23,2066.0,2015-07-23,3788.0,2015-07-23,2516.0,2015-07-23,450.0,2015-07-23,450.0,2015-07-23,13.0
2015-07-24,3325.0,2015-07-24,2066.0,2015-07-24,3787.0,2015-07-24,2517.0,2015-07-24,451.0,2015-07-24,451.0,2015-07-24,11.0
2015-07-27,3325.0,2015-07-27,2068.0,2015-07-27,3792.0,2015-07-27,2519.0,2015-07-27,451.0,2015-07-27,451.0,2015-07-27,16.0
2015-07-28,3326.0,2015-07-28,2069.0,2015-07-28,3786.0,2015-07-28,2520.0,2015-07-28,451.0,2015-07-28,451.0,2015-07-28,9.0
2015-07-29,3326.0,2015-07-29,2069.0,2015-07-29,3786.0,2015-07-29,2520.0,2015-07-29,451.0,2015-07-29,451.0,2015-07-29,9.0
2015-07-30,3326.0,2015-07-30,2069.0,2015-07-30,3785.0,2015-07-30,2521.0,2015-07-30,452.0,2015-07-30,452.0,2015-07-30,7.0
2015-07-31,3326.0,2015-07-31,2069.0,2015-07-31,3781.0,2015-07-31,2521.0,2015-07-31,452.0,2015-07-31,452.0,2015-07-31,3.0
2015-08-03,3327.0,2015-08-03,2070.0,2015-08-03,3786.0,2015-08-03,2522.0,2015-08-03,452.0,2015-08-03,452.0,2015-08-03,7.0
2015-08-04,3327.0,2015-08-04,2070.0,2015-08-04,3784.0,2015-08-04,2522.0,2015-08-04,452.0,2015-08-04,452.0,2015-08-04,5.0
2015-08-05,3327.0,2015-08-05,2070.0,2015-08-05,3784.0,2015-08-05,2522.0,2015-08-05,452.0,2015-08-05,452.0,2015-08-05,5.0
2015-08-06,3329.0,2015-08-06,2072.0,2015-08-06,3792.0,2015-08-06,2524.0,2015-08-06,452.0,2015-08-06,452.0,2015-08-06,11.0
2015-08-07,3329.0,2015-08-07,2072.0,2015-08-07,3795.0,2015-08-07,2524.0,2015-08-07,452.0,2015-08-07,452.0,2015-08-07,14.0
2015-08-10,3329.0,2015-08-10,2072.0,2015-08-10,3791.0,2015-08-10,2524.0,2015-08-10,452.0,2015-08-10,452.0,2015-08-10,10.0
2015-08-11,3329.0,2015-08-11,2072.0,2015-08-11,3787.0,2015-08-11,2524.0,2015-08-11,452.0,2015-08-11,452.0,2015-08-11,6.0
2015-08-12,3329.0,2015-08-12,2072.0,2015-08-12,3787.0,2015-08-12,2524.0,2015-08-12,452.0,2015-08-12,452.0,2015-08-12,6.0
2015-08-13,3330.0,2015-08-13,2072.0,2015-08-13,3792.0,2015-08-13,2524.0,2015-08-13,452.0,2015-08-13,452.0,2015-08-13,10.0
2015-08-14,3330.0,2015-08-14,2072.0,2015-08-14,3791.0,2015-08-14,2524.0,2015-08-14,452.0,2015-08-14,452.0,2015-08-14,9.0
2015-08-17,3332.0,2015-08-17,2072.0,2015-08-17,3790.0,2015-08-17,2524.0,2015-08-17,452.0,2015-08-17,452.0,2015-08-17,6.0
2015-08-18,3332.0,2015-08-18,2072.0,2015-08-18,3786.0,2015-08-18,2524.0,2015-08-18,452.0,2015-08-18,452.0,2015-08-18,2.0
2015-08-19,3332.0,2015-08-19,2072.0,2015-08-19,3786.0,2015-08-19,2524.0,2015-08-19,452.0,2015-08-19,452.0,2015-08-19,2.0
2015-08-20,3334.0,2015-08-20,2074.0,2015-08-20,3792.0,2015-08-20,2526.0,2015-08-20,452.0,2015-08-20,452.0,2015-08-20,6.0
2015-08-21,3334.0,2015-08-21,2074.0,2015-08-21,3795.0,2015-08-21,2526.0,2015-08-21,452.0,2015-08-21,452.0,2015-08-21,9.0
2015-08-24,3334.0,2015-08-24,2075.0,2015-08-24,3790.0,2015-08-24,2527.0,2015-08-24,452.0,2015-08-24,452.0,2015-08-24,4.0
2015-08-25,3335.0,2015-08-25,2075.0,2015-08-25,3792.0,2015-08-25,2527.0,2015-08-25,452.0,2015-08-25,452.0,2015-08-25,5.0
2015-08-26,3335.0,2015-08-26,2075.0,2015-08-26,3792.0,2015-08-26,2527.0,2015-08-26,452.0,2015-08-26,452.0,2015-08-26,5.0
2015-08-27,3336.0,2015-08-27,2076.0,2015-08-27,3797.0,2015-08-27,2528.0,2015-08-27,452.0,2015-08-27,452.0,2015-08-27,9.0
2015-08-28,3336.0,2015-08-28,2076.0,2015-08-28,3797.0,2015-08-28,2528.0,2015-08-28,452.0,2015-08-28,452.0,2015-08-28,9.0
2015-08-31,3337.0,2015-08-31,2076.0,2015-08-31,3790.0,2015-08-31,2528.0,2015-08-31,452.0,2015-08-31,452.0,2015-08-31,1.0
2015-09-01,3337.0,2015-09-01,2077.0,2015-09-01,3792.0,2015-09-01,2529.0,2015-09-01,452.0,2015-09-01,452.0,2015-09-01,3.0
2015-09-02,3337.0,2015-09-02,2077.0,2015-09-02,3792.0,2015-09-02,2529.0,2015-09-02,452.0,2015-09-02,452.0,2015-09-02,3.0
2015-09-03,3338.0,2015-09-03,2077.0,2015-09-03,3792.0,2015-09-03,2529.0,2015-09-03,452.0,2015-09-03,452.0,2015-09-03,2.0
2015-09-04,3338.0,2015-09-04,2077.0,2015-09-04,3792.0,2015-09-04,2529.0,2015-09-04,452.0,2015-09-04,452.0,2015-09-04,2.0
2015-09-07,3338.0,2015-09-07,2078.0,2015-09-07,3793.0,2015-09-07,2530.0,2015-09-07,452.0,2015-09-07,452.0,2015-09-07,3.0
2015-09-08,3338.0,2015-09-08,2078.0,2015-09-08,3792.0,2015-09-08,2530.0,2015-09-08,452.0,2015-09-08,452.0,2015-09-08,2.0
2015-09-09,3338.0,2015-09-09,2078.0,2015-09-09,3792.0,2015-09-09,2530.0,2015-09-09,452.0,2015-09-09,452.0,2015-09-09,2.0
2015-09-10,3338.0,2015-09-10,2078.0,2015-09-10,3791.0,2015-09-10,2530.0,2015-09-10,452.0,2015-09-10,452.0,2015-09-10,1.0
2015-09-11,3338.0,2015-09-11,2078.0,2015-09-11,3791.0,2015-09-11,2530.0,2015-09-11,452.0,2015-09-11,452.0,2015-09-11,1.0
2015-09-14,3338.0,2015-09-14,2078.0,2015-09-14,3793.0,2015-09-14,2530.0,2015-09-14,452.0,2015-09-14,452.0,2015-09-14,3.0
2015-09-15,3338.0,2015-09-15,2078.0,2015-09-15,3792.0,2015-09-15,2530.0,2015-09-15,452.0,2015-09-15,452.0,2015-09-15,2.0
2015-09-16,3338.0,2015-09-16,2078.0,2015-09-16,3792.0,2015-09-16,2530.0,2015-09-16,452.0,2015-09-16,452.0,2015-09-16,2.0
2015-09-17,3338.0,2015-09-17,2078.0,2015-09-17,3794.0,2015-09-17,2530.0,2015-09-17,452.0,2015-09-17,452.0,2015-09-17,4.0
2015-09-18,3339.0,2015-09-18,2079.0,2015-09-18,3794.0,2015-09-18,2531.0,2015-09-18,452.0,2015-09-18,452.0,2015-09-18,3.0
2015-09-21,3340.0,2015-09-21,2079.0,2015-09-21,3797.0,2015-09-21,2532.0,2015-09-21,453.0,2015-09-21,453.0,2015-09-21,4.0
2015-09-22,3340.0,2015-09-22,2079.0,2015-09-22,3800.0,2015-09-22,2532.0,2015-09-22,453.0,2015-09-22,453.0,2015-09-22,7.0
2015-09-23,3340.0,2015-09-23,2079.0,2015-09-23,3800.0,2015-09-23,2532.0,2015-09-23,453.0,2015-09-23,453.0,2015-09-23,7.0
2015-09-24,3340.0,2015-09-24,2080.0,2015-09-24,3801.0,2015-09-24,2533.0,2015-09-24,453.0,2015-09-24,453.0,2015-09-24,8.0
2015-09-25,3340.0,2015-09-25,2080.0,2015-09-25,3797.0,2015-09-25,2533.0,2015-09-25,453.0,2015-09-25,453.0,2015-09-25,4.0
2015-09-28,3342.0,2015-09-28,2080.0,2015-09-28,3805.0,2015-09-28,2533.0,2015-09-28,453.0,2015-09-28,453.0,2015-09-28,10.0
2015-09-29,3344.0,2015-09-29,2080.0,2015-09-29,3805.0,2015-09-29,2533.0,2015-09-29,453.0,2015-09-29,453.0,2015-09-29,8.0
2015-09-30,3344.0,2015-09-30,2080.0,2015-09-30,3805.0,2015-09-30,2533.0,2015-09-30,453.0,2015-09-30,453.0,2015-09-30,8.0
2015-10-01,3344.0,2015-10-01,2080.0,2015-10-01,3808.0,2015-10-01,2533.0,2015-10-01,453.0,2015-10-01,453.0,2015-10-01,11.0
2015-10-02,3344.0,2015-10-02,2080.0,2015-10-02,3809.0,2015-10-02,2533.0,2015-10-02,453.0,2015-10-02,453.0,2015-10-02,12.0
2015-10-05,3344.0,2015-10-05,2081.0,2015-10-05,3804.0,2015-10-05,2534.0,2015-10-05,453.0,2015-10-05,453.0,2015-10-05,7.0
2015-10-06,3344.0,2015-10-06,2081.0,2015-10-06,3804.0,2015-10-06,2534.0,2015-10-06,453.0,2015-10-06,453.0,2015-10-06,7.0
2015-10-07,3344.0,2015-10-07,2081.0,2015-10-07,3804.0,2015-10-07,2534.0,2015-10-07,453.0,2015-10-07,453.0,2015-10-07,7.0
2015-10-08,3344.0,2015-10-08,2081.0,2015-10-08,3799.0,2015-10-08,2534.0,2015-10-08,453.0,2015-10-08,453.0,2015-10-08,2.0
2015-10-09,3344.0,2015-10-09,2081.0,2015-10-09,3800.0,2015-10-09,2534.0,2015-10-09,453.0,2015-10-09,453.0,2015-10-09,3.0
2015-10-13,3344.0,2015-10-13,2081.0,2015-10-13,3800.0,2015-10-13,2534.0,2015-10-13,453.0,2015-10-13,453.0,2015-10-13,3.0
2015-10-15,3345.0,2015-10-15,2081.0,2015-10-15,3802.0,2015-10-15,2534.0,2015-10-15,453.0,2015-10-15,453.0,2015-10-15,4.0
2015-10-16,3346.0,2015-10-16,2082.0,2015-10-16,3804.0,2015-10-16,2535.0,2015-10-16,453.0,2015-10-16,453.0,2015-10-16,5.0
2015-10-20,3347.0,2015-10-20,2082.0,2015-10-20,3803.0,2015-10-20,2535.0,2015-10-20,453.0,2015-10-20,453.0,2015-10-20,3.0
2015-10-22,3347.0,2015-10-22,2082.0,2015-10-22,3801.0,2015-10-22,2535.0,2015-10-22,453.0,2015-10-22,453.0,2015-10-22,1.0
2015-10-23,3347.0,2015-10-23,2082.0,2015-10-23,3801.0,2015-10-23,2535.0,2015-10-23,453.0,2015-10-23,453.0,2015-10-23,1.0
2015-10-26,3350.0,2015-10-26,2082.0,2015-10-26,3804.0,2015-10-26,2535.0,2015-10-26,453.0,2015-10-26,453.0,2015-10-26,1.0
2015-10-27,3350.0,2015-10-27,2082.0,2015-10-27,3806.0,2015-10-27,2535.0,2015-10-27,453.0,2015-10-27,453.0,2015-10-27,3.0
2015-10-29,3350.0,2015-10-29,2083.0,2015-10-29,3808.0,2015-10-29,2536.0,2015-10-29,453.0,2015-10-29,453.0,2015-10-29,5.0
2015-10-30,3350.0,2015-10-30,2083.0,2015-10-30,3808.0,2015-10-30,2536.0,2015-10-30,453.0,2015-10-30,453.0,2015-10-30,5.0
2015-11-03,3351.0,2015-11-03,2083.0,2015-11-03,3810.0,2015-11-03,2536.0,2015-11-03,453.0,2015-11-03,453.0,2015-11-03,6.0
2015-11-05,3351.0,2015-11-05,2083.0,2015-11-05,3805.0,2015-11-05,2536.0,2015-11-05,453.0,2015-11-05,453.0,2015-11-05,1.0
2015-11-06,3351.0,2015-11-06,2083.0,2015-11-06,3805.0,2015-11-06,2536.0,2015-11-06,453.0,2015-11-06,453.0,2015-11-06,1.0
2015-11-10,3351.0,2015-11-10,2083.0,2015-11-10,3805.0,2015-11-10,2536.0,2015-11-10,453.0,2015-11-10,453.0,2015-11-10,1.0
2015-11-11,3351.0,2015-11-11,2083.0,2015-11-11,3805.0,2015-11-11,2536.0,2015-11-11,453.0,2015-11-11,453.0,2015-11-11,1.0
2015-11-12,3351.0,2015-11-12,2083.0,2015-11-12,3805.0,2015-11-12,2536.0,2015-11-12,453.0,2015-11-12,453.0,2015-11-12,1.0
2015-11-16,3351.0,2015-11-16,2083.0,2015-11-16,3805.0,2015-11-16,2536.0,2015-11-16,453.0,2015-11-16,453.0,2015-11-16,1.0
2015-11-17,3351.0,2015-11-17,2083.0,2015-11-17,3804.0,2015-11-17,2536.0,2015-11-17,453.0,2015-11-17,453.0,2015-11-17,
2015-11-20,3351.0,2015-11-20,2083.0,2015-11-20,3804.0,2015-11-20,2536.0,2015-11-20,453.0,2015-11-20,453.0,2015-11-20,
2015-11-24,3351.0,2015-11-24,2083.0,2015-11-24,3804.0,2015-11-24,2536.0,2015-11-24,453.0,2015-11-24,453.0,2015-11-24,
2015-11-26,3351.0,2015-11-26,2083.0,2015-11-26,3804.0,2015-11-26,2536.0,2015-11-26,453.0,2015-11-26,453.0,2015-11-26,
2015-12-01,3351.0,2015-12-01,2083.0,2015-12-01,3804.0,2015-12-01,2536.0,2015-12-01,453.0,2015-12-01,453.0,2015-12-01,
2015-12-02,3351.0,2015-12-02,2083.0,2015-12-02,3804.0,2015-12-02,2536.0,2015-12-02,453.0,2015-12-02,453.0,2015-12-02,
2015-12-03,3351.0,2015-12-03,2083.0,2015-12-03,3805.0,2015-12-03,2536.0,2015-12-03,453.0,2015-12-03,453.0,2015-12-03,1.0
2015-12-09,3351.0,2015-12-09,2083.0,2015-12-09,3804.0,2015-12-09,2536.0,2015-12-09,453.0,2015-12-09,453.0,2015-12-09,
2015-12-10,3351.0,2015-12-10,2083.0,2015-12-10,3804.0,2015-12-10,2536.0,2015-12-10,453.0,2015-12-10,453.0,2015-12-10,
2015-12-11,3351.0,2015-12-11,2083.0,2015-12-11,3804.0,2015-12-11,2536.0,2015-12-11,453.0,2015-12-11,453.0,2015-12-11,
2015-12-15,3351.0,2015-12-15,2083.0,2015-12-15,3807.0,2015-12-15,2536.0,2015-12-15,453.0,2015-12-15,453.0,2015-12-15,3.0
2015-12-16,3351.0,2015-12-16,2083.0,2015-12-16,3807.0,2015-12-16,2536.0,2015-12-16,453.0,2015-12-16,453.0,2015-12-16,3.0
2015-12-17,3351.0,2015-12-17,2083.0,2015-12-17,3805.0,2015-12-17,2536.0,2015-12-17,453.0,2015-12-17,453.0,2015-12-17,1.0
2015-12-22,3351.0,2015-12-22,2083.0,2015-12-22,3804.0,2015-12-22,2536.0,2015-12-22,453.0,2015-12-22,453.0,2015-12-22,
2015-12-23,3351.0,2015-12-23,2083.0,2015-12-23,3804.0,2015-12-23,2536.0,2015-12-23,453.0,2015-12-23,453.0,2015-12-23,
2015-12-29,3351.0,2015-12-29,2083.0,2015-12-29,3804.0,2015-12-29,2536.0,2015-12-29,453.0,2015-12-29,453.0,2015-12-29,
